INSERT INTO lb.panel VALUES (1, '2018-11-10 23:52:14', '2018-11-10 23:52:14', 1);
INSERT INTO lb.panel VALUES (2, '2018-11-10 23:52:14', '2018-11-10 23:52:14', 2);
INSERT INTO lb.panel VALUES (3, '2018-11-10 23:52:14', '2018-11-10 23:52:14', 3);
INSERT INTO lb.panel VALUES (4, '2018-11-10 23:52:14', '2018-11-10 23:52:14', 4);
INSERT INTO lb.panel VALUES (5, '2018-11-10 23:52:14', '2018-11-10 23:52:14', 5);
INSERT INTO lb.panel VALUES (6, '2018-11-10 23:52:14', '2018-11-10 23:52:14', 6);
INSERT INTO lb.panel VALUES (7, '2018-11-10 23:52:14', '2018-11-10 23:52:14', 7);
INSERT INTO lb.panel VALUES (8, '2018-11-10 23:52:14', '2018-11-10 23:52:14', 8);

INSERT INTO lb.lock_section VALUES (1, '2018-11-10 23:52:14', '2018-11-10 23:52:14', '1A', 1);
INSERT INTO lb.lock_section VALUES (2, '2018-11-10 23:52:14', '2018-11-10 23:52:14', '1B', 1);
INSERT INTO lb.lock_section VALUES (3, '2018-11-10 23:52:14', '2018-11-10 23:52:14', '1C', 1);
INSERT INTO lb.lock_section VALUES (4, '2018-11-10 23:52:14', '2018-11-10 23:52:14', '1D', 1);
INSERT INTO lb.lock_section VALUES (5, '2018-11-10 23:52:14', '2018-11-10 23:52:14', '2A', 2);
INSERT INTO lb.lock_section VALUES (6, '2018-11-10 23:52:14', '2018-11-10 23:52:14', '2B', 2);
INSERT INTO lb.lock_section VALUES (7, '2018-11-10 23:52:14', '2018-11-10 23:52:14', '2C', 2);
INSERT INTO lb.lock_section VALUES (8, '2018-11-10 23:52:14', '2018-11-10 23:52:14', '2D', 2);
INSERT INTO lb.lock_section VALUES (9, '2018-11-10 23:52:14', '2018-11-10 23:52:14', '3A', 3);
INSERT INTO lb.lock_section VALUES (10, '2018-11-10 23:52:14', '2018-11-10 23:52:14', '3B', 3);
INSERT INTO lb.lock_section VALUES (11, '2018-11-10 23:52:14', '2018-11-10 23:52:14', '3C', 3);
INSERT INTO lb.lock_section VALUES (12, '2018-11-10 23:52:14', '2018-11-10 23:52:14', '3D', 3);
INSERT INTO lb.lock_section VALUES (13, '2018-11-10 23:52:14', '2018-11-10 23:52:14', '4A', 4);
INSERT INTO lb.lock_section VALUES (14, '2018-11-10 23:52:14', '2018-11-10 23:52:14', '4B', 4);
INSERT INTO lb.lock_section VALUES (15, '2018-11-10 23:52:14', '2018-11-10 23:52:14', '4C', 4);
INSERT INTO lb.lock_section VALUES (16, '2018-11-10 23:52:14', '2018-11-10 23:52:14', '4D', 4);
INSERT INTO lb.lock_section VALUES (17, '2018-11-10 23:52:14', '2018-11-10 23:52:14', '5A', 5);
INSERT INTO lb.lock_section VALUES (18, '2018-11-10 23:52:14', '2018-11-10 23:52:14', '5B', 5);
INSERT INTO lb.lock_section VALUES (19, '2018-11-10 23:52:14', '2018-11-10 23:52:14', '5C', 5);
INSERT INTO lb.lock_section VALUES (20, '2018-11-10 23:52:14', '2018-11-10 23:52:14', '5D', 5);
INSERT INTO lb.lock_section VALUES (21, '2018-11-10 23:52:14', '2018-11-10 23:52:14', '6A', 6);
INSERT INTO lb.lock_section VALUES (22, '2018-11-10 23:52:14', '2018-11-10 23:52:14', '6B', 6);
INSERT INTO lb.lock_section VALUES (23, '2018-11-10 23:52:14', '2018-11-10 23:52:14', '6C', 6);
INSERT INTO lb.lock_section VALUES (24, '2018-11-10 23:52:14', '2018-11-10 23:52:14', '6D', 6);
INSERT INTO lb.lock_section VALUES (25, '2018-11-10 23:52:14', '2018-11-10 23:52:14', '7A', 7);
INSERT INTO lb.lock_section VALUES (26, '2018-11-10 23:52:14', '2018-11-10 23:52:14', '7B', 7);
INSERT INTO lb.lock_section VALUES (27, '2018-11-10 23:52:14', '2018-11-10 23:52:14', '7C', 7);
INSERT INTO lb.lock_section VALUES (28, '2018-11-10 23:52:14', '2018-11-10 23:52:14', '7D', 7);
INSERT INTO lb.lock_section VALUES (29, '2018-11-10 23:52:14', '2018-11-10 23:52:14', '8A', 8);
INSERT INTO lb.lock_section VALUES (30, '2018-11-10 23:52:14', '2018-11-10 23:52:14', '8B', 8);
INSERT INTO lb.lock_section VALUES (31, '2018-11-10 23:52:14', '2018-11-10 23:52:14', '8C', 8);
INSERT INTO lb.lock_section VALUES (32, '2018-11-10 23:52:14', '2018-11-10 23:52:14', '8D', 8);

INSERT INTO lb.price (`id`,`price`, `created_date`, `last_modified_date`) VALUES (1, '20', '2018-08-23', '2018-08-23 10:32:23');
INSERT INTO lb.price (`id`,`price`, `created_date`, `last_modified_date`) VALUES (2, '30', '2018-08-23', '2018-08-23 10:32:23');
INSERT INTO lb.price (`id`,`price`, `created_date`, `last_modified_date`) VALUES (3, '50', '2018-08-23', '2018-08-23 10:32:23');

-- BRIDGE FILES

INSERT INTO `file` (`id`, `created_date`, `last_modified_date`, `file_name`, `path_to_file`, `type`, `url_to_file`) VALUES (1, '2018-11-25 07:31:26.249000', '2018-11-25 07:31:27.773000', 'bridge_1.jpg', 'BRIDGE\\1_bridge_1.jpg', 4, 'https://api.lockbridges.com/api/v0/download/file/1');
INSERT INTO `file` (`id`, `created_date`, `last_modified_date`, `file_name`, `path_to_file`, `type`, `url_to_file`) VALUES (2, '2018-11-25 07:31:36.500000', '2018-11-25 07:31:37.132000', 'bridge_2.jpg', 'BRIDGE\\2_bridge_2.jpg', 4, 'https://api.lockbridges.com/api/v0/download/file/2');
INSERT INTO `file` (`id`, `created_date`, `last_modified_date`, `file_name`, `path_to_file`, `type`, `url_to_file`) VALUES (3, '2018-11-25 07:31:43.381000', '2018-11-25 07:31:43.989000', 'bridge_3.jpg', 'BRIDGE\\3_bridge_3.jpg', 4, 'https://api.lockbridges.com/api/v0/download/file/3');
INSERT INTO `file` (`id`, `created_date`, `last_modified_date`, `file_name`, `path_to_file`, `type`, `url_to_file`) VALUES (4, '2018-11-25 07:31:49.568000', '2018-11-25 07:31:50.029000', 'bridge_4.jpg', 'BRIDGE\\4_bridge_4.jpg', 4, 'https://api.lockbridges.com/api/v0/download/file/4');

-- CATEGORY FILES

INSERT INTO `file` (`id`, `created_date`, `last_modified_date`, `file_name`, `path_to_file`, `type`, `url_to_file`) VALUES (5, '2018-11-25 07:44:14.043000', '2018-11-25 07:44:14.419000', 'category_1.jpeg', 'CATEGORY\\5_category_1.png', 0, 'https://api.lockbridges.com/api/v0/download/file/5');
INSERT INTO `file` (`id`, `created_date`, `last_modified_date`, `file_name`, `path_to_file`, `type`, `url_to_file`) VALUES (6, '2018-11-25 07:44:24.725000', '2018-11-25 07:44:25.033000', 'category_2.jpeg', 'CATEGORY\\6_category_2.png', 0, 'https://api.lockbridges.com/api/v0/download/file/6');
INSERT INTO `file` (`id`, `created_date`, `last_modified_date`, `file_name`, `path_to_file`, `type`, `url_to_file`) VALUES (7, '2018-11-25 07:44:38.069000', '2018-11-25 07:44:38.420000', 'category_3.jpeg', 'CATEGORY\\7_category_3.png', 0, 'https://api.lockbridges.com/api/v0/download/file/7');

-- TEMPLATE FILES

INSERT INTO `file` (`id`, `created_date`, `last_modified_date`, `file_name`, `path_to_file`, `type`, `url_to_file`) VALUES (8, '2018-11-25 07:51:11.996000', '2018-11-25 07:51:12.473000', 'template_1.png', 'FULL_TEMPLATE\\8_template_1.png', 1, 'https://api.lockbridges.com/api/v0/download/file/8');
INSERT INTO `file` (`id`, `created_date`, `last_modified_date`, `file_name`, `path_to_file`, `type`, `url_to_file`) VALUES (9, '2018-11-25 07:51:42.835000', '2018-11-25 07:51:43.089000', 'template_2.png', 'FULL_TEMPLATE\\9_template_2.png', 1, 'https://api.lockbridges.com/api/v0/download/file/9');
INSERT INTO `file` (`id`, `created_date`, `last_modified_date`, `file_name`, `path_to_file`, `type`, `url_to_file`) VALUES (10, '2018-11-25 07:51:57.337000', '2018-11-25 07:51:57.681000', 'template_3.png', 'FULL_TEMPLATE\\10_template_3.png', 1, 'https://api.lockbridges.com/api/v0/download/file/10');
INSERT INTO `file` (`id`, `created_date`, `last_modified_date`, `file_name`, `path_to_file`, `type`, `url_to_file`) VALUES (11, '2018-11-25 07:52:17.243000', '2018-11-25 07:52:17.631000', 'template_4.png', 'FULL_TEMPLATE\\11_template_4.png', 1, 'https://api.lockbridges.com/api/v0/download/file/11');
INSERT INTO `file` (`id`, `created_date`, `last_modified_date`, `file_name`, `path_to_file`, `type`, `url_to_file`) VALUES (12, '2018-11-25 07:52:40.446000', '2018-11-25 07:52:40.717000', 'template_5.png', 'FULL_TEMPLATE\\12_template_5.png', 1, 'https://api.lockbridges.com/api/v0/download/file/12');
INSERT INTO `file` (`id`, `created_date`, `last_modified_date`, `file_name`, `path_to_file`, `type`, `url_to_file`) VALUES (13, '2018-11-25 07:52:48.540000', '2018-11-25 07:52:48.822000', 'template_6.png', 'FULL_TEMPLATE\\13_template_6.png', 1, 'https://api.lockbridges.com/api/v0/download/file/13');
INSERT INTO `file` (`id`, `created_date`, `last_modified_date`, `file_name`, `path_to_file`, `type`, `url_to_file`) VALUES (14, '2018-11-25 07:53:03.194000', '2018-11-25 07:53:03.773000', 'template_7.png', 'FULL_TEMPLATE\\14_template_7.png', 1, 'https://api.lockbridges.com/api/v0/download/file/14');
INSERT INTO `file` (`id`, `created_date`, `last_modified_date`, `file_name`, `path_to_file`, `type`, `url_to_file`) VALUES (15, '2018-11-25 07:53:28.604000', '2018-11-25 07:53:29.005000', 'template_8.png', 'FULL_TEMPLATE\\15_template_8.png', 1, 'https://api.lockbridges.com/api/v0/download/file/15');
INSERT INTO `file` (`id`, `created_date`, `last_modified_date`, `file_name`, `path_to_file`, `type`, `url_to_file`) VALUES (16, '2018-11-25 07:53:40.772000', '2018-11-25 07:53:41.143000', 'template_9.png', 'FULL_TEMPLATE\\16_template_9.png', 1, 'https://api.lockbridges.com/api/v0/download/file/16');
INSERT INTO `file` (`id`, `created_date`, `last_modified_date`, `file_name`, `path_to_file`, `type`, `url_to_file`) VALUES (17, '2018-11-25 07:53:40.772000', '2018-11-25 07:53:41.143000', 'template_10.png', 'FULL_TEMPLATE\\17_template_10.png', 1, 'https://api.lockbridges.com/api/v0/download/file/17');
INSERT INTO `file` (`id`, `created_date`, `last_modified_date`, `file_name`, `path_to_file`, `type`, `url_to_file`) VALUES (18, '2018-11-25 07:53:40.772000', '2018-11-25 07:53:41.143000', 'template_11.png', 'FULL_TEMPLATE\\18_template_11.png', 1, 'https://api.lockbridges.com/api/v0/download/file/18');
INSERT INTO `file` (`id`, `created_date`, `last_modified_date`, `file_name`, `path_to_file`, `type`, `url_to_file`) VALUES (19, '2018-11-25 07:53:40.772000', '2018-11-25 07:53:41.143000', 'template_12.png', 'FULL_TEMPLATE\\19_template_12.png', 1, 'https://api.lockbridges.com/api/v0/download/file/19');
INSERT INTO `file` (`id`, `created_date`, `last_modified_date`, `file_name`, `path_to_file`, `type`, `url_to_file`) VALUES (20, '2018-11-25 07:53:40.772000', '2018-11-25 07:53:41.143000', 'template_13.png', 'FULL_TEMPLATE\\20_template_13.png', 1, 'https://api.lockbridges.com/api/v0/download/file/20');
INSERT INTO `file` (`id`, `created_date`, `last_modified_date`, `file_name`, `path_to_file`, `type`, `url_to_file`) VALUES (21, '2018-11-25 07:53:40.772000', '2018-11-25 07:53:41.143000', 'template_14.png', 'FULL_TEMPLATE\\21_template_14.png', 1, 'https://api.lockbridges.com/api/v0/download/file/21');

-- PARTIALLY ERASED TEMPLATE FILES

INSERT INTO `file` (`id`, `created_date`, `last_modified_date`, `file_name`, `path_to_file`, `type`, `url_to_file`) VALUES (22, '2018-11-25 07:59:30.842000', '2018-11-25 07:59:31.202000', 'erased_template_1.png', 'PARTIALY_ERASED_TEMPLATE\\22_erased_template_1.png', 2, 'https://api.lockbridges.com/api/v0/download/file/22');
INSERT INTO `file` (`id`, `created_date`, `last_modified_date`, `file_name`, `path_to_file`, `type`, `url_to_file`) VALUES (23, '2018-11-25 08:00:04.467000', '2018-11-25 08:00:04.905000', 'erased_template_2.png', 'PARTIALY_ERASED_TEMPLATE\\23_erased_template_2.png', 2, 'https://api.lockbridges.com/api/v0/download/file/23');
INSERT INTO `file` (`id`, `created_date`, `last_modified_date`, `file_name`, `path_to_file`, `type`, `url_to_file`) VALUES (24, '2018-11-25 08:00:19.754000', '2018-11-25 08:00:20.233000', 'erased_template_3.png', 'PARTIALY_ERASED_TEMPLATE\\24_erased_template_3.png', 2, 'https://api.lockbridges.com/api/v0/download/file/24');
INSERT INTO `file` (`id`, `created_date`, `last_modified_date`, `file_name`, `path_to_file`, `type`, `url_to_file`) VALUES (25, '2018-11-25 08:00:47.228000', '2018-11-25 08:00:47.638000', 'erased_template_4.png', 'PARTIALY_ERASED_TEMPLATE\\25_erased_template_4.png', 2, 'https://api.lockbridges.com/api/v0/download/file/25');
INSERT INTO `file` (`id`, `created_date`, `last_modified_date`, `file_name`, `path_to_file`, `type`, `url_to_file`) VALUES (26, '2018-11-25 08:01:11.567000', '2018-11-25 08:01:11.939000', 'erased_template_5.png', 'PARTIALY_ERASED_TEMPLATE\\26_erased_template_5.png', 2, 'https://api.lockbridges.com/api/v0/download/file/26');
INSERT INTO `file` (`id`, `created_date`, `last_modified_date`, `file_name`, `path_to_file`, `type`, `url_to_file`) VALUES (27, '2018-11-25 08:01:24.459000', '2018-11-25 08:01:24.885000', 'erased_template_6.png', 'PARTIALY_ERASED_TEMPLATE\\27_erased_template_6.png', 2, 'https://api.lockbridges.com/api/v0/download/file/27');
INSERT INTO `file` (`id`, `created_date`, `last_modified_date`, `file_name`, `path_to_file`, `type`, `url_to_file`) VALUES (28, '2018-11-25 08:02:45.386000', '2018-11-25 08:02:45.902000', 'erased_template_7.png', 'PARTIALY_ERASED_TEMPLATE\\28_erased_template_7.png', 2, 'https://api.lockbridges.com/api/v0/download/file/28');
INSERT INTO `file` (`id`, `created_date`, `last_modified_date`, `file_name`, `path_to_file`, `type`, `url_to_file`) VALUES (29, '2018-11-25 08:03:09.451000', '2018-11-25 08:03:09.897000', 'erased_template_8.png', 'PARTIALY_ERASED_TEMPLATE\\29_erased_template_8.png', 2, 'https://api.lockbridges.com/api/v0/download/file/29');
INSERT INTO `file` (`id`, `created_date`, `last_modified_date`, `file_name`, `path_to_file`, `type`, `url_to_file`) VALUES (30, '2018-11-25 08:03:42.621000', '2018-11-25 08:03:43.065000', 'erased_template_9.png', 'PARTIALY_ERASED_TEMPLATE\\30_erased_template_9.png', 2, 'https://api.lockbridges.com/api/v0/download/file/30');
INSERT INTO `file` (`id`, `created_date`, `last_modified_date`, `file_name`, `path_to_file`, `type`, `url_to_file`) VALUES (31, '2018-11-25 08:03:42.621000', '2018-11-25 08:03:43.065000', 'erased_template_10.png', 'PARTIALY_ERASED_TEMPLATE\\31_erased_template_10.png', 2, 'https://api.lockbridges.com/api/v0/download/file/31');
INSERT INTO `file` (`id`, `created_date`, `last_modified_date`, `file_name`, `path_to_file`, `type`, `url_to_file`) VALUES (32, '2018-11-25 08:03:42.621000', '2018-11-25 08:03:43.065000', 'erased_template_11.png', 'PARTIALY_ERASED_TEMPLATE\\32_erased_template_11.png', 2, 'https://api.lockbridges.com/api/v0/download/file/32');
INSERT INTO `file` (`id`, `created_date`, `last_modified_date`, `file_name`, `path_to_file`, `type`, `url_to_file`) VALUES (33, '2018-11-25 08:03:42.621000', '2018-11-25 08:03:43.065000', 'erased_template_12.png', 'PARTIALY_ERASED_TEMPLATE\\33_erased_template_12.png', 2, 'https://api.lockbridges.com/api/v0/download/file/33');
INSERT INTO `file` (`id`, `created_date`, `last_modified_date`, `file_name`, `path_to_file`, `type`, `url_to_file`) VALUES (34, '2018-11-25 08:03:42.621000', '2018-11-25 08:03:43.065000', 'erased_template_13.png', 'PARTIALY_ERASED_TEMPLATE\\34_erased_template_13.png', 2, 'https://api.lockbridges.com/api/v0/download/file/34');
INSERT INTO `file` (`id`, `created_date`, `last_modified_date`, `file_name`, `path_to_file`, `type`, `url_to_file`) VALUES (35, '2018-11-25 08:03:42.621000', '2018-11-25 08:03:43.065000', 'erased_template_14.png', 'PARTIALY_ERASED_TEMPLATE\\35_erased_template_14.png', 2, 'https://api.lockbridges.com/api/v0/download/file/35');

-- PARTIALLY ERASED TEMPLATE WITH TEXT FILES

INSERT INTO `file` (`id`, `created_date`, `last_modified_date`, `file_name`, `path_to_file`, `type`, `url_to_file`) VALUES (36, '2019-05-02 11:11:33.810000', '2019-05-02 11:11:34.283000', 'erased_template_1.png', 'PARTIALY_ERASED_TEMPLATE_WITH_TEXT\\36_erased_template_1.png', 3, 'https://api.lockbridges.com/api/v0/download/file/36');
INSERT INTO `file` (`id`, `created_date`, `last_modified_date`, `file_name`, `path_to_file`, `type`, `url_to_file`) VALUES (37, '2019-05-02 11:12:30.893000', '2019-05-02 11:12:31.259000', 'erased_template_2.png', 'PARTIALY_ERASED_TEMPLATE_WITH_TEXT\\37_erased_template_2.png', 3, 'https://api.lockbridges.com/api/v0/download/file/37');
INSERT INTO `file` (`id`, `created_date`, `last_modified_date`, `file_name`, `path_to_file`, `type`, `url_to_file`) VALUES (38, '2019-05-02 11:12:34.983000', '2019-05-02 11:12:35.394000', 'erased_template_3.png', 'PARTIALY_ERASED_TEMPLATE_WITH_TEXT\\38_erased_template_3.png', 3, 'https://api.lockbridges.com/api/v0/download/file/38');
INSERT INTO `file` (`id`, `created_date`, `last_modified_date`, `file_name`, `path_to_file`, `type`, `url_to_file`) VALUES (39, '2019-05-02 11:12:41.214000', '2019-05-02 11:12:41.566000', 'erased_template_4.png', 'PARTIALY_ERASED_TEMPLATE_WITH_TEXT\\39_erased_template_4.png', 3, 'https://api.lockbridges.com/api/v0/download/file/39');
INSERT INTO `file` (`id`, `created_date`, `last_modified_date`, `file_name`, `path_to_file`, `type`, `url_to_file`) VALUES (40, '2019-05-02 11:12:44.928000', '2019-05-02 11:12:45.377000', 'erased_template_5.png', 'PARTIALY_ERASED_TEMPLATE_WITH_TEXT\\40_erased_template_5.png', 3, 'https://api.lockbridges.com/api/v0/download/file/40');
INSERT INTO `file` (`id`, `created_date`, `last_modified_date`, `file_name`, `path_to_file`, `type`, `url_to_file`) VALUES (41, '2019-05-02 11:12:49.330000', '2019-05-02 11:12:49.746000', 'erased_template_6.png', 'PARTIALY_ERASED_TEMPLATE_WITH_TEXT\\41_erased_template_6.png', 3, 'https://api.lockbridges.com/api/v0/download/file/41');
INSERT INTO `file` (`id`, `created_date`, `last_modified_date`, `file_name`, `path_to_file`, `type`, `url_to_file`) VALUES (42, '2019-05-02 11:12:52.979000', '2019-05-02 11:12:53.394000', 'erased_template_7.png', 'PARTIALY_ERASED_TEMPLATE_WITH_TEXT\\42_erased_template_7.png', 3, 'https://api.lockbridges.com/api/v0/download/file/42');
INSERT INTO `file` (`id`, `created_date`, `last_modified_date`, `file_name`, `path_to_file`, `type`, `url_to_file`) VALUES (43, '2019-05-02 11:13:00.895000', '2019-05-02 11:13:01.297000', 'erased_template_8.png', 'PARTIALY_ERASED_TEMPLATE_WITH_TEXT\\43_erased_template_8.png', 3, 'https://api.lockbridges.com/api/v0/download/file/43');
INSERT INTO `file` (`id`, `created_date`, `last_modified_date`, `file_name`, `path_to_file`, `type`, `url_to_file`) VALUES (44, '2019-05-02 11:13:06.146000', '2019-05-02 11:13:06.518000', 'erased_template_9.png', 'PARTIALY_ERASED_TEMPLATE_WITH_TEXT\\44_erased_template_9.png', 3, 'https://api.lockbridges.com/api/v0/download/file/44');
INSERT INTO `file` (`id`, `created_date`, `last_modified_date`, `file_name`, `path_to_file`, `type`, `url_to_file`) VALUES (45, '2019-05-02 11:13:11.197000', '2019-05-02 11:13:11.613000', 'erased_template_10.png', 'PARTIALY_ERASED_TEMPLATE_WITH_TEXT\\45_erased_template_10.png', 3, 'https://api.lockbridges.com/api/v0/download/file/45');
INSERT INTO `file` (`id`, `created_date`, `last_modified_date`, `file_name`, `path_to_file`, `type`, `url_to_file`) VALUES (46, '2019-05-02 11:13:22.097000', '2019-05-02 11:13:22.512000', 'erased_template_11.png', 'PARTIALY_ERASED_TEMPLATE_WITH_TEXT\\46_erased_template_11.png', 3, 'https://api.lockbridges.com/api/v0/download/file/46');
INSERT INTO `file` (`id`, `created_date`, `last_modified_date`, `file_name`, `path_to_file`, `type`, `url_to_file`) VALUES (47, '2019-05-02 11:13:26.347000', '2019-05-02 11:13:26.751000', 'erased_template_12.png', 'PARTIALY_ERASED_TEMPLATE_WITH_TEXT\\47_erased_template_12.png', 3, 'https://api.lockbridges.com/api/v0/download/file/47');
INSERT INTO `file` (`id`, `created_date`, `last_modified_date`, `file_name`, `path_to_file`, `type`, `url_to_file`) VALUES (48, '2019-05-02 11:13:30.755000', '2019-05-02 11:13:31.188000', 'erased_template_13.png', 'PARTIALY_ERASED_TEMPLATE_WITH_TEXT\\48_erased_template_13.png', 3, 'https://api.lockbridges.com/api/v0/download/file/48');
INSERT INTO `file` (`id`, `created_date`, `last_modified_date`, `file_name`, `path_to_file`, `type`, `url_to_file`) VALUES (49, '2019-05-02 11:13:34.228000', '2019-05-02 11:13:34.612000', 'erased_template_14.png', 'PARTIALY_ERASED_TEMPLATE_WITH_TEXT\\49_erased_template_14.png', 3, 'https://api.lockbridges.com/api/v0/download/file/49');


INSERT INTO `lock_category` (`id`, `created_date`, `last_modified_date`, `category`, `total_rating`, `file_id`, `price_id`) VALUES (1, '2018-08-23 00:00:00.000000', '2018-11-25 07:44:14.417000', 'REGULAR', 10, 5, 1);
INSERT INTO `lock_category` (`id`, `created_date`, `last_modified_date`, `category`, `total_rating`, `file_id`, `price_id`) VALUES (2, '2018-08-23 00:00:00.000000', '2018-11-25 07:44:25.031000', 'VIP', 10, 6, 2);
INSERT INTO `lock_category` (`id`, `created_date`, `last_modified_date`, `category`, `total_rating`, `file_id`, `price_id`) VALUES (3, '2018-08-23 00:00:00.000000', '2018-11-25 07:44:38.416000', 'GOLD', 10, 7, 3);

INSERT INTO `lock_template` (`id`, `created_date`, `last_modified_date`, `lock_category_id`, `price_id`) VALUES (1, '2018-08-23', '2018-08-23', 3, 3);
INSERT INTO `lock_template` (`id`, `created_date`, `last_modified_date`, `lock_category_id`, `price_id`) VALUES (2, '2018-08-23', '2018-08-23', 3, 3);
INSERT INTO `lock_template` (`id`, `created_date`, `last_modified_date`, `lock_category_id`, `price_id`) VALUES (3, '2018-08-23', '2018-08-23', 3, 3);
INSERT INTO `lock_template` (`id`, `created_date`, `last_modified_date`, `lock_category_id`, `price_id`) VALUES (4, '2018-08-23', '2018-08-23', 3, 3);
INSERT INTO `lock_template` (`id`, `created_date`, `last_modified_date`, `lock_category_id`, `price_id`) VALUES (5, '2018-08-23', '2018-08-23', 3, 3);
INSERT INTO `lock_template` (`id`, `created_date`, `last_modified_date`, `lock_category_id`, `price_id`) VALUES (6, '2018-08-23', '2018-08-23', 1, 1);
INSERT INTO `lock_template` (`id`, `created_date`, `last_modified_date`, `lock_category_id`, `price_id`) VALUES (7, '2018-08-23', '2018-08-23', 1, 1);
INSERT INTO `lock_template` (`id`, `created_date`, `last_modified_date`, `lock_category_id`, `price_id`) VALUES (8, '2018-08-23', '2018-08-23', 1, 1);
INSERT INTO `lock_template` (`id`, `created_date`, `last_modified_date`, `lock_category_id`, `price_id`) VALUES (9, '2018-08-23', '2018-08-23', 1, 1);
INSERT INTO `lock_template` (`id`, `created_date`, `last_modified_date`, `lock_category_id`, `price_id`) VALUES (10, '2018-08-23', '2018-08-23', 1, 1);
INSERT INTO `lock_template` (`id`, `created_date`, `last_modified_date`, `lock_category_id`, `price_id`) VALUES (11, '2018-08-23', '2018-08-23', 1, 1);
INSERT INTO `lock_template` (`id`, `created_date`, `last_modified_date`, `lock_category_id`, `price_id`) VALUES (12, '2018-08-23', '2018-08-23', 2, 2);
INSERT INTO `lock_template` (`id`, `created_date`, `last_modified_date`, `lock_category_id`, `price_id`) VALUES (13, '2018-08-23', '2018-08-23', 2, 2);
INSERT INTO `lock_template` (`id`, `created_date`, `last_modified_date`, `lock_category_id`, `price_id`) VALUES (14, '2018-08-23', '2018-08-23', 2, 2);


INSERT INTO lb.font(`id`, `created_date`, `last_modified_date`, `font_color`, `font_size`, `font_style`, `lock_template_id`) VALUES (1, '2018-08-23 10:35:46', '2018-08-23 10:35:46', 'LIGHT_GRAY', 15, 'Calibri', 1)
INSERT INTO lb.font(`id`, `created_date`, `last_modified_date`, `font_color`, `font_size`, `font_style`, `lock_template_id`) VALUES (2, '2018-08-23 10:35:46', '2018-08-23 10:35:46', 'LIGHT_GRAY', 15, 'Segoe Script', 1)
INSERT INTO lb.font(`id`, `created_date`, `last_modified_date`, `font_color`, `font_size`, `font_style`, `lock_template_id`) VALUES (3, '2018-08-23 10:35:46', '2018-08-23 10:35:46', 'LIGHT_GRAY', 15, 'Calibri', 2)
INSERT INTO lb.font(`id`, `created_date`, `last_modified_date`, `font_color`, `font_size`, `font_style`, `lock_template_id`) VALUES (4, '2018-08-23 10:35:46', '2018-08-23 10:35:46', 'LIGHT_GRAY', 15, 'Segoe Script', 2)
INSERT INTO lb.font(`id`, `created_date`, `last_modified_date`, `font_color`, `font_size`, `font_style`, `lock_template_id`) VALUES (5, '2018-08-23 10:35:46', '2018-08-23 10:35:46', 'LIGHT_GRAY', 15, 'Calibri', 3)
INSERT INTO lb.font(`id`, `created_date`, `last_modified_date`, `font_color`, `font_size`, `font_style`, `lock_template_id`) VALUES (6, '2018-08-23 10:35:46', '2018-08-23 10:35:46', 'LIGHT_GRAY', 15, 'Segoe', 3)
INSERT INTO lb.font(`id`, `created_date`, `last_modified_date`, `font_color`, `font_size`, `font_style`, `lock_template_id`) VALUES (7, '2018-08-23 10:35:46', '2018-08-23 10:35:46', 'LIGHT_GRAY', 15, 'Calibri', 4)
INSERT INTO lb.font(`id`, `created_date`, `last_modified_date`, `font_color`, `font_size`, `font_style`, `lock_template_id`) VALUES (8, '2018-08-23 10:35:46', '2018-08-23 10:35:46', 'LIGHT_GRAY', 15, 'Segoe Script', 4)
INSERT INTO lb.font(`id`, `created_date`, `last_modified_date`, `font_color`, `font_size`, `font_style`, `lock_template_id`) VALUES (9, '2018-08-23 10:35:46', '2018-08-23 10:35:46', 'LIGHT_GRAY', 15, 'Calibri', 5)
INSERT INTO lb.font(`id`, `created_date`, `last_modified_date`, `font_color`, `font_size`, `font_style`, `lock_template_id`) VALUES (10, '2018-08-23 10:35:46', '2018-08-23 10:35:46', 'LIGHT_GRAY', 15, 'Segoe Script', 5)
INSERT INTO lb.font(`id`, `created_date`, `last_modified_date`, `font_color`, `font_size`, `font_style`, `lock_template_id`) VALUES (11, '2018-08-23 10:35:46', '2018-08-23 10:35:46', 'LIGHT_GRAY', 15, 'Calibri', 6)
INSERT INTO lb.font(`id`, `created_date`, `last_modified_date`, `font_color`, `font_size`, `font_style`, `lock_template_id`) VALUES (12, '2018-08-23 10:35:46', '2018-08-23 10:35:46', 'LIGHT_GRAY', 15, 'Segoe Script', 6)
INSERT INTO lb.font(`id`, `created_date`, `last_modified_date`, `font_color`, `font_size`, `font_style`, `lock_template_id`) VALUES (13, '2018-08-23 10:35:46', '2018-08-23 10:35:46', 'LIGHT_GRAY', 15, 'Calibri', 7)
INSERT INTO lb.font(`id`, `created_date`, `last_modified_date`, `font_color`, `font_size`, `font_style`, `lock_template_id`) VALUES (14, '2018-08-23 10:35:46', '2018-08-23 10:35:46', 'LIGHT_GRAY', 15, 'Segoe Script', 7)
INSERT INTO lb.font(`id`, `created_date`, `last_modified_date`, `font_color`, `font_size`, `font_style`, `lock_template_id`) VALUES (15, '2018-08-23 10:35:46', '2018-08-23 10:35:46', 'LIGHT_GRAY', 15, 'Calibri', 8)
INSERT INTO lb.font(`id`, `created_date`, `last_modified_date`, `font_color`, `font_size`, `font_style`, `lock_template_id`) VALUES (16, '2018-08-23 10:35:46', '2018-08-23 10:35:46', 'LIGHT_GRAY', 15, 'Segoe Script', 8)
INSERT INTO lb.font(`id`, `created_date`, `last_modified_date`, `font_color`, `font_size`, `font_style`, `lock_template_id`) VALUES (17, '2018-08-23 10:35:46', '2018-08-23 10:35:46', 'LIGHT_GRAY', 15, 'Calibri', 9)
INSERT INTO lb.font(`id`, `created_date`, `last_modified_date`, `font_color`, `font_size`, `font_style`, `lock_template_id`) VALUES (18, '2018-08-23 10:35:46', '2018-08-23 10:35:46', 'LIGHT_GRAY', 15, 'Segoe Script', 9)

INSERT INTO `template_file` (`lock_template_id`, `file_id`) VALUES (1, 8);
INSERT INTO `template_file` (`lock_template_id`, `file_id`) VALUES (1, 22);
INSERT INTO `template_file` (`lock_template_id`, `file_id`) VALUES (2, 9);
INSERT INTO `template_file` (`lock_template_id`, `file_id`) VALUES (2, 23);
INSERT INTO `template_file` (`lock_template_id`, `file_id`) VALUES (3, 10);
INSERT INTO `template_file` (`lock_template_id`, `file_id`) VALUES (3, 24);
INSERT INTO `template_file` (`lock_template_id`, `file_id`) VALUES (4, 11);
INSERT INTO `template_file` (`lock_template_id`, `file_id`) VALUES (4, 25);
INSERT INTO `template_file` (`lock_template_id`, `file_id`) VALUES (5, 12);
INSERT INTO `template_file` (`lock_template_id`, `file_id`) VALUES (5, 26);
INSERT INTO `template_file` (`lock_template_id`, `file_id`) VALUES (6, 13);
INSERT INTO `template_file` (`lock_template_id`, `file_id`) VALUES (6, 27);
INSERT INTO `template_file` (`lock_template_id`, `file_id`) VALUES (7, 14);
INSERT INTO `template_file` (`lock_template_id`, `file_id`) VALUES (7, 28);
INSERT INTO `template_file` (`lock_template_id`, `file_id`) VALUES (8, 15);
INSERT INTO `template_file` (`lock_template_id`, `file_id`) VALUES (8, 29);
INSERT INTO `template_file` (`lock_template_id`, `file_id`) VALUES (9, 16);
INSERT INTO `template_file` (`lock_template_id`, `file_id`) VALUES (9, 30);
INSERT INTO `template_file` (`lock_template_id`, `file_id`) VALUES (10, 17);
INSERT INTO `template_file` (`lock_template_id`, `file_id`) VALUES (10, 31);
INSERT INTO `template_file` (`lock_template_id`, `file_id`) VALUES (11, 18);
INSERT INTO `template_file` (`lock_template_id`, `file_id`) VALUES (11, 32);
INSERT INTO `template_file` (`lock_template_id`, `file_id`) VALUES (12, 19);
INSERT INTO `template_file` (`lock_template_id`, `file_id`) VALUES (12, 33);
INSERT INTO `template_file` (`lock_template_id`, `file_id`) VALUES (13, 20);
INSERT INTO `template_file` (`lock_template_id`, `file_id`) VALUES (13, 34);
INSERT INTO `template_file` (`lock_template_id`, `file_id`) VALUES (14, 21);
INSERT INTO `template_file` (`lock_template_id`, `file_id`) VALUES (14, 35);

INSERT INTO lb.user(`id`,`address`,`city`,`country`,`created_date`,`email`,`first_name`,`last_modified_date`,`last_name`,`phone`,`locale`,`has_agreed_to_terms`) VALUES ('2170256639660343' , 'address', 'city', 'country', '2018-08-23 10:35:46', 'email', 'andrei', '2018-08-23 10:35:46' , 'lazar', '0123456789','en', b'0');

INSERT INTO lb.point VALUES (1, '2018-08-23 10:35:46', '2018-08-23 10:35:46', 112, 112);
INSERT INTO lb.point VALUES (2, '2018-08-23 10:35:46', '2018-08-23 10:35:46', 114, 114);

INSERT INTO `locks` (`id`, `created_date`, `last_modified_date`, `delete_token`, `font_color`, `font_size`, `font_style`, `lock_color`, `message`, `paid`, `private_lock`, `lock_section_id`, `lock_template_id`, `point_id`, `user_id`) VALUES (1, '2019-05-02 11:11:31.823000', '2019-05-02 11:11:31.823000', NULL, NULL, NULL, NULL, NULL, 'TEXT', b'0', b'0', 1, 1, NULL, 2170256639660343);
INSERT INTO `locks` (`id`, `created_date`, `last_modified_date`, `delete_token`, `font_color`, `font_size`, `font_style`, `lock_color`, `message`, `paid`, `private_lock`, `lock_section_id`, `lock_template_id`, `point_id`, `user_id`) VALUES (2, '2019-05-02 11:12:30.363000', '2019-05-02 11:12:30.363000', NULL, NULL, NULL, NULL, NULL, 'TEXT LOVE', b'0', b'0', 2, 2, NULL, 2170256639660343);
INSERT INTO `locks` (`id`, `created_date`, `last_modified_date`, `delete_token`, `font_color`, `font_size`, `font_style`, `lock_color`, `message`, `paid`, `private_lock`, `lock_section_id`, `lock_template_id`, `point_id`, `user_id`) VALUES (3, '2019-05-02 11:12:34.612000', '2019-05-02 11:12:34.612000', NULL, NULL, NULL, NULL, NULL, 'TEXT LOVE', b'0', b'0', 3, 3, NULL, 2170256639660343);
INSERT INTO `locks` (`id`, `created_date`, `last_modified_date`, `delete_token`, `font_color`, `font_size`, `font_style`, `lock_color`, `message`, `paid`, `private_lock`, `lock_section_id`, `lock_template_id`, `point_id`, `user_id`) VALUES (4, '2019-05-02 11:12:40.769000', '2019-05-02 11:12:40.769000', NULL, NULL, NULL, NULL, NULL, 'TEXT LOVE', b'0', b'0', 4, 4, NULL, 2170256639660343);
INSERT INTO `locks` (`id`, `created_date`, `last_modified_date`, `delete_token`, `font_color`, `font_size`, `font_style`, `lock_color`, `message`, `paid`, `private_lock`, `lock_section_id`, `lock_template_id`, `point_id`, `user_id`) VALUES (5, '2019-05-02 11:12:44.559000', '2019-05-02 11:12:44.559000', NULL, NULL, NULL, NULL, NULL, 'TEXT LOVE', b'0', b'0', 5, 5, NULL, 2170256639660343);
INSERT INTO `locks` (`id`, `created_date`, `last_modified_date`, `delete_token`, `font_color`, `font_size`, `font_style`, `lock_color`, `message`, `paid`, `private_lock`, `lock_section_id`, `lock_template_id`, `point_id`, `user_id`) VALUES (6, '2019-05-02 11:12:48.942000', '2019-05-02 11:12:48.942000', NULL, NULL, NULL, NULL, NULL, 'TEXT LOVE', b'0', b'0', 6, 6, NULL, 2170256639660343);
INSERT INTO `locks` (`id`, `created_date`, `last_modified_date`, `delete_token`, `font_color`, `font_size`, `font_style`, `lock_color`, `message`, `paid`, `private_lock`, `lock_section_id`, `lock_template_id`, `point_id`, `user_id`) VALUES (7, '2019-05-02 11:12:52.579000', '2019-05-02 11:12:52.579000', NULL, NULL, NULL, NULL, NULL, 'TEXT LOVE', b'0', b'0', 7, 7, NULL, 2170256639660343);
INSERT INTO `locks` (`id`, `created_date`, `last_modified_date`, `delete_token`, `font_color`, `font_size`, `font_style`, `lock_color`, `message`, `paid`, `private_lock`, `lock_section_id`, `lock_template_id`, `point_id`, `user_id`) VALUES (8, '2019-05-02 11:13:00.283000', '2019-05-02 11:13:00.283000', NULL, NULL, NULL, NULL, NULL, 'TEXT LOVE', b'0', b'0', 8, 8, NULL, 2170256639660343);
INSERT INTO `locks` (`id`, `created_date`, `last_modified_date`, `delete_token`, `font_color`, `font_size`, `font_style`, `lock_color`, `message`, `paid`, `private_lock`, `lock_section_id`, `lock_template_id`, `point_id`, `user_id`) VALUES (9, '2019-05-02 11:13:05.665000', '2019-05-02 11:13:05.665000', NULL, NULL, NULL, NULL, NULL, 'TEXT LOVE', b'0', b'0', 1, 9, NULL, 2170256639660343);
INSERT INTO `locks` (`id`, `created_date`, `last_modified_date`, `delete_token`, `font_color`, `font_size`, `font_style`, `lock_color`, `message`, `paid`, `private_lock`, `lock_section_id`, `lock_template_id`, `point_id`, `user_id`) VALUES (10, '2019-05-02 11:13:10.704000', '2019-05-02 11:13:10.704000', NULL, NULL, NULL, NULL, NULL, 'TEXT LOVE', b'0', b'0', 2, 10, NULL, 2170256639660343);
INSERT INTO `locks` (`id`, `created_date`, `last_modified_date`, `delete_token`, `font_color`, `font_size`, `font_style`, `lock_color`, `message`, `paid`, `private_lock`, `lock_section_id`, `lock_template_id`, `point_id`, `user_id`) VALUES (11, '2019-05-02 11:13:21.538000', '2019-05-02 11:13:21.538000', NULL, NULL, NULL, NULL, NULL, 'TEXT LOVE', b'0', b'0', 3, 11, NULL, 2170256639660343);
INSERT INTO `locks` (`id`, `created_date`, `last_modified_date`, `delete_token`, `font_color`, `font_size`, `font_style`, `lock_color`, `message`, `paid`, `private_lock`, `lock_section_id`, `lock_template_id`, `point_id`, `user_id`) VALUES (12, '2019-05-02 11:13:25.831000', '2019-05-02 11:13:25.831000', NULL, NULL, NULL, NULL, NULL, 'TEXT LOVE', b'0', b'0', 4, 12, NULL, 2170256639660343);
INSERT INTO `locks` (`id`, `created_date`, `last_modified_date`, `delete_token`, `font_color`, `font_size`, `font_style`, `lock_color`, `message`, `paid`, `private_lock`, `lock_section_id`, `lock_template_id`, `point_id`, `user_id`) VALUES (13, '2019-05-02 11:13:30.155000', '2019-05-02 11:13:30.155000', NULL, NULL, NULL, NULL, NULL, 'TEXT LOVE', b'0', b'0', 5, 13, NULL, 2170256639660343);
INSERT INTO `locks` (`id`, `created_date`, `last_modified_date`, `delete_token`, `font_color`, `font_size`, `font_style`, `lock_color`, `message`, `paid`, `private_lock`, `lock_section_id`, `lock_template_id`, `point_id`, `user_id`) VALUES (14, '2019-05-02 11:13:33.821000', '2019-05-02 11:13:33.821000', NULL, NULL, NULL, NULL, NULL, 'TEXT LOVE', b'0', b'0', 6, 14, NULL, 2170256639660343);

INSERT INTO `lock_file` (`lock_id`, `file_id`) VALUES (1, 36);
INSERT INTO `lock_file` (`lock_id`, `file_id`) VALUES (2, 37);
INSERT INTO `lock_file` (`lock_id`, `file_id`) VALUES (3, 38);
INSERT INTO `lock_file` (`lock_id`, `file_id`) VALUES (4, 39);
INSERT INTO `lock_file` (`lock_id`, `file_id`) VALUES (5, 40);
INSERT INTO `lock_file` (`lock_id`, `file_id`) VALUES (6, 41);
INSERT INTO `lock_file` (`lock_id`, `file_id`) VALUES (7, 42);
INSERT INTO `lock_file` (`lock_id`, `file_id`) VALUES (8, 43);
INSERT INTO `lock_file` (`lock_id`, `file_id`) VALUES (9, 44);
INSERT INTO `lock_file` (`lock_id`, `file_id`) VALUES (10, 45);
INSERT INTO `lock_file` (`lock_id`, `file_id`) VALUES (11, 46);
INSERT INTO `lock_file` (`lock_id`, `file_id`) VALUES (12, 47);
INSERT INTO `lock_file` (`lock_id`, `file_id`) VALUES (13, 48);
INSERT INTO `lock_file` (`lock_id`, `file_id`) VALUES (14, 49);

INSERT INTO lb.configuration VALUES(1, '2018-08-23 10:35:46', '2018-08-23 10:35:46', 30,30,30,8);
