INSERT INTO lb.panel VALUES (1, '2018-11-10 23:52:14', '2018-11-10 23:52:14', 1);
INSERT INTO lb.panel VALUES (2, '2018-11-10 23:52:14', '2018-11-10 23:52:14', 2);
INSERT INTO lb.panel VALUES (3, '2018-11-10 23:52:14', '2018-11-10 23:52:14', 3);
INSERT INTO lb.panel VALUES (4, '2018-11-10 23:52:14', '2018-11-10 23:52:14', 4);
INSERT INTO lb.panel VALUES (5, '2018-11-10 23:52:14', '2018-11-10 23:52:14', 5);
INSERT INTO lb.panel VALUES (6, '2018-11-10 23:52:14', '2018-11-10 23:52:14', 6);
INSERT INTO lb.panel VALUES (7, '2018-11-10 23:52:14', '2018-11-10 23:52:14', 7);
INSERT INTO lb.panel VALUES (8, '2018-11-10 23:52:14', '2018-11-10 23:52:14', 8);

INSERT INTO lb.lock_section VALUES (1, '2018-11-10 23:52:14', '2018-11-10 23:52:14', '1A', 1);
INSERT INTO lb.lock_section VALUES (2, '2018-11-10 23:52:14', '2018-11-10 23:52:14', '1B', 1);
INSERT INTO lb.lock_section VALUES (3, '2018-11-10 23:52:14', '2018-11-10 23:52:14', '1C', 1);
INSERT INTO lb.lock_section VALUES (4, '2018-11-10 23:52:14', '2018-11-10 23:52:14', '1D', 1);
INSERT INTO lb.lock_section VALUES (5, '2018-11-10 23:52:14', '2018-11-10 23:52:14', '2A', 2);
INSERT INTO lb.lock_section VALUES (6, '2018-11-10 23:52:14', '2018-11-10 23:52:14', '2B', 2);
INSERT INTO lb.lock_section VALUES (7, '2018-11-10 23:52:14', '2018-11-10 23:52:14', '2C', 2);
INSERT INTO lb.lock_section VALUES (8, '2018-11-10 23:52:14', '2018-11-10 23:52:14', '2D', 2);
INSERT INTO lb.lock_section VALUES (9, '2018-11-10 23:52:14', '2018-11-10 23:52:14', '3A', 3);
INSERT INTO lb.lock_section VALUES (10, '2018-11-10 23:52:14', '2018-11-10 23:52:14', '3B', 3);
INSERT INTO lb.lock_section VALUES (11, '2018-11-10 23:52:14', '2018-11-10 23:52:14', '3C', 3);
INSERT INTO lb.lock_section VALUES (12, '2018-11-10 23:52:14', '2018-11-10 23:52:14', '3D', 3);
INSERT INTO lb.lock_section VALUES (13, '2018-11-10 23:52:14', '2018-11-10 23:52:14', '4A', 4);
INSERT INTO lb.lock_section VALUES (14, '2018-11-10 23:52:14', '2018-11-10 23:52:14', '4B', 4);
INSERT INTO lb.lock_section VALUES (15, '2018-11-10 23:52:14', '2018-11-10 23:52:14', '4C', 4);
INSERT INTO lb.lock_section VALUES (16, '2018-11-10 23:52:14', '2018-11-10 23:52:14', '4D', 4);
INSERT INTO lb.lock_section VALUES (17, '2018-11-10 23:52:14', '2018-11-10 23:52:14', '5A', 5);
INSERT INTO lb.lock_section VALUES (18, '2018-11-10 23:52:14', '2018-11-10 23:52:14', '5B', 5);
INSERT INTO lb.lock_section VALUES (19, '2018-11-10 23:52:14', '2018-11-10 23:52:14', '5C', 5);
INSERT INTO lb.lock_section VALUES (20, '2018-11-10 23:52:14', '2018-11-10 23:52:14', '5D', 5);
INSERT INTO lb.lock_section VALUES (21, '2018-11-10 23:52:14', '2018-11-10 23:52:14', '6A', 6);
INSERT INTO lb.lock_section VALUES (22, '2018-11-10 23:52:14', '2018-11-10 23:52:14', '6B', 6);
INSERT INTO lb.lock_section VALUES (23, '2018-11-10 23:52:14', '2018-11-10 23:52:14', '6C', 6);
INSERT INTO lb.lock_section VALUES (24, '2018-11-10 23:52:14', '2018-11-10 23:52:14', '6D', 6);
INSERT INTO lb.lock_section VALUES (25, '2018-11-10 23:52:14', '2018-11-10 23:52:14', '7A', 7);
INSERT INTO lb.lock_section VALUES (26, '2018-11-10 23:52:14', '2018-11-10 23:52:14', '7B', 7);
INSERT INTO lb.lock_section VALUES (27, '2018-11-10 23:52:14', '2018-11-10 23:52:14', '7C', 7);
INSERT INTO lb.lock_section VALUES (28, '2018-11-10 23:52:14', '2018-11-10 23:52:14', '7D', 7);
INSERT INTO lb.lock_section VALUES (29, '2018-11-10 23:52:14', '2018-11-10 23:52:14', '8A', 8);
INSERT INTO lb.lock_section VALUES (30, '2018-11-10 23:52:14', '2018-11-10 23:52:14', '8B', 8);
INSERT INTO lb.lock_section VALUES (31, '2018-11-10 23:52:14', '2018-11-10 23:52:14', '8C', 8);
INSERT INTO lb.lock_section VALUES (32, '2018-11-10 23:52:14', '2018-11-10 23:52:14', '8D', 8);

INSERT INTO lb.price (`id`,`price`, `created_date`, `last_modified_date`) VALUES (1, '20', '2018-08-23', '2018-08-23 10:32:23');
INSERT INTO lb.price (`id`,`price`, `created_date`, `last_modified_date`) VALUES (2, '30', '2018-08-23', '2018-08-23 10:32:23');
INSERT INTO lb.price (`id`,`price`, `created_date`, `last_modified_date`) VALUES (3, '50', '2018-08-23', '2018-08-23 10:32:23');

INSERT INTO `file` (`id`, `created_date`, `last_modified_date`, `file_name`, `path_to_file`, `type`) VALUES (1, '2018-11-13 19:09:39.198000', '2018-11-13 19:09:39.198000', 'lock1.jpeg', 'Z:\\Work\\Bridges\\lock\\binarbox\\images\\lock1.jpeg', 0);
INSERT INTO `file` (`id`, `created_date`, `last_modified_date`, `file_name`, `path_to_file`, `type`) VALUES (2, '2018-11-13 19:10:04.776000', '2018-11-13 19:10:04.776000', 'lock2.jpeg', 'Z:\\Work\\Bridges\\lock\\binarbox\\images\\lock2.jpeg', 0);
INSERT INTO `file` (`id`, `created_date`, `last_modified_date`, `file_name`, `path_to_file`, `type`) VALUES (3, '2018-11-13 19:10:15.264000', '2018-11-13 19:10:15.264000', 'lock8.jpeg', 'Z:\\Work\\Bridges\\lock\\binarbox\\images\\lock8.jpeg', 0);
INSERT INTO `file` (`id`, `created_date`, `last_modified_date`, `file_name`, `path_to_file`, `type`) VALUES (4, '2018-11-13 19:16:43.243000', '2018-11-13 19:16:43.243000', 'lock6.jpeg', 'Z:\\Work\\Bridges\\lock\\binarbox\\images\\lock6.jpeg', 1);
INSERT INTO `file` (`id`, `created_date`, `last_modified_date`, `file_name`, `path_to_file`, `type`) VALUES (5, '2018-11-13 19:17:11.750000', '2018-11-13 19:17:11.750000', 'lock7.jpeg', 'Z:\\Work\\Bridges\\lock\\binarbox\\images\\lock7.jpeg', 1);
INSERT INTO `file` (`id`, `created_date`, `last_modified_date`, `file_name`, `path_to_file`, `type`) VALUES (6, '2018-11-13 19:18:04.286000', '2018-11-13 19:18:04.286000', 'lock1.jpeg', 'Z:\\Work\\Bridges\\lock\\binarbox\\images\\lock1.jpeg', 1);
INSERT INTO `file` (`id`, `created_date`, `last_modified_date`, `file_name`, `path_to_file`, `type`) VALUES (7, '2018-11-13 19:18:22.753000', '2018-11-13 19:18:22.753000', 'lock3.jpeg', 'Z:\\Work\\Bridges\\lock\\binarbox\\images\\lock3.jpeg', 1);
INSERT INTO `file` (`id`, `created_date`, `last_modified_date`, `file_name`, `path_to_file`, `type`) VALUES (8, '2018-11-13 19:18:29.614000', '2018-11-13 19:18:29.614000', 'lock4.jpeg', 'Z:\\Work\\Bridges\\lock\\binarbox\\images\\lock4.jpeg', 1);
INSERT INTO `file` (`id`, `created_date`, `last_modified_date`, `file_name`, `path_to_file`, `type`) VALUES (9, '2018-11-13 19:18:37.559000', '2018-11-13 19:18:37.559000', 'lock2.jpeg', 'Z:\\Work\\Bridges\\lock\\binarbox\\images\\lock2.jpeg', 1);
INSERT INTO `file` (`id`, `created_date`, `last_modified_date`, `file_name`, `path_to_file`, `type`) VALUES (10, '2018-11-13 19:19:09.353000', '2018-11-13 19:19:09.353000', 'lock5.jpeg', 'Z:\\Work\\Bridges\\lock\\binarbox\\images\\lock5.jpeg', 1);
INSERT INTO `file` (`id`, `created_date`, `last_modified_date`, `file_name`, `path_to_file`, `type`) VALUES (11, '2018-11-13 19:19:13.961000', '2018-11-13 19:19:13.961000', 'lock7.jpeg', 'Z:\\Work\\Bridges\\lock\\binarbox\\images\\lock7.jpeg', 1);
INSERT INTO `file` (`id`, `created_date`, `last_modified_date`, `file_name`, `path_to_file`, `type`) VALUES (12, '2018-11-13 19:19:19.286000', '2018-11-13 19:19:19.286000', 'lock8.jpeg', 'Z:\\Work\\Bridges\\lock\\binarbox\\images\\lock8.jpeg', 1);
INSERT INTO `file` (`id`, `created_date`, `last_modified_date`, `file_name`, `path_to_file`, `type`) VALUES (13, '2018-11-13 19:19:19.286000', '2018-11-13 19:19:19.286000', 'lock1.jpeg', 'Z:\\Work\\Bridges\\lock\\binarbox\\images\\lock1.jpeg', 3);

-- replace this with partially erased locks when available
INSERT INTO `file` (`id`, `created_date`, `last_modified_date`, `file_name`, `path_to_file`, `type`) VALUES (14, '2018-11-13 19:19:19.286000', '2018-11-13 19:19:19.286000', 'lock1.jpeg', 'Z:\\Work\\Bridges\\lock\\binarbox\\images\\lock1.jpeg', 3);
INSERT INTO `file` (`id`, `created_date`, `last_modified_date`, `file_name`, `path_to_file`, `type`) VALUES (15, '2018-11-13 19:19:19.286000', '2018-11-13 19:19:19.286000', 'lock1.jpeg', 'Z:\\Work\\Bridges\\lock\\binarbox\\images\\lock1.jpeg', 3);
INSERT INTO `file` (`id`, `created_date`, `last_modified_date`, `file_name`, `path_to_file`, `type`) VALUES (16, '2018-11-13 19:19:19.286000', '2018-11-13 19:19:19.286000', 'lock1.jpeg', 'Z:\\Work\\Bridges\\lock\\binarbox\\images\\lock1.jpeg', 3);
INSERT INTO `file` (`id`, `created_date`, `last_modified_date`, `file_name`, `path_to_file`, `type`) VALUES (17, '2018-11-13 19:19:19.286000', '2018-11-13 19:19:19.286000', 'lock1.jpeg', 'Z:\\Work\\Bridges\\lock\\binarbox\\images\\lock1.jpeg', 3);
INSERT INTO `file` (`id`, `created_date`, `last_modified_date`, `file_name`, `path_to_file`, `type`) VALUES (18, '2018-11-13 19:19:19.286000', '2018-11-13 19:19:19.286000', 'lock1.jpeg', 'Z:\\Work\\Bridges\\lock\\binarbox\\images\\lock1.jpeg', 3);
INSERT INTO `file` (`id`, `created_date`, `last_modified_date`, `file_name`, `path_to_file`, `type`) VALUES (19, '2018-11-13 19:19:19.286000', '2018-11-13 19:19:19.286000', 'lock1.jpeg', 'Z:\\Work\\Bridges\\lock\\binarbox\\images\\lock1.jpeg', 3);
INSERT INTO `file` (`id`, `created_date`, `last_modified_date`, `file_name`, `path_to_file`, `type`) VALUES (20, '2018-11-13 19:19:19.286000', '2018-11-13 19:19:19.286000', 'lock1.jpeg', 'Z:\\Work\\Bridges\\lock\\binarbox\\images\\lock1.jpeg', 3);
INSERT INTO `file` (`id`, `created_date`, `last_modified_date`, `file_name`, `path_to_file`, `type`) VALUES (21, '2018-11-13 19:19:19.286000', '2018-11-13 19:19:19.286000', 'lock1.jpeg', 'Z:\\Work\\Bridges\\lock\\binarbox\\images\\lock1.jpeg', 3);
INSERT INTO `file` (`id`, `created_date`, `last_modified_date`, `file_name`, `path_to_file`, `type`) VALUES (22, '2018-11-13 19:19:19.286000', '2018-11-13 19:19:19.286000', 'lock1.jpeg', 'Z:\\Work\\Bridges\\lock\\binarbox\\images\\lock1.jpeg', 3);

INSERT INTO lb.lock_category (`id`, `category`, `total_rating`, `price_id`, `created_date`, `last_modified_date`, `file_id`) VALUES (1, 'REGULAR', '10', 1, '2018-08-23', '2018-08-23 10:33:20', 1);
INSERT INTO lb.lock_category (`id`, `category`, `total_rating`, `price_id`, `created_date`, `last_modified_date`, `file_id`) VALUES (2, 'VIP', '10', 2, '2018-08-23', '2018-08-23 10:33:20', 2);
INSERT INTO lb.lock_category (`id`, `category`, `total_rating`, `price_id`, `created_date`, `last_modified_date`, `file_id`) VALUES (3, 'GOLD', '10', 3, '2018-08-23', '2018-08-23 10:33:20', 3);

INSERT INTO lb.lock_template (`id`, `font_size`, `font_style`, `font_color`, `lock_category_id`, `price_id`, `created_date`, `last_modified_date`) VALUES (1, '61', 'ROBOTO', 'BLACK', '1', '1', '2018-08-23', '2018-08-23 10:35:46');
INSERT INTO lb.lock_template (`id`, `font_size`, `font_style`, `font_color`, `lock_category_id`, `price_id`, `created_date`, `last_modified_date`) VALUES (2, '62', 'ROBO', 'BLACK', '1', '2', '2018-08-23', '2018-08-23 10:35:46');
INSERT INTO lb.lock_template (`id`, `font_size`, `font_style`, `font_color`, `lock_category_id`, `price_id`, `created_date`, `last_modified_date`) VALUES (3, '63', 'GOGO', 'BLACK', '1', '3', '2018-08-23', '2018-08-23 10:35:46');
INSERT INTO lb.lock_template (`id`, `font_size`, `font_style`, `font_color`, `lock_category_id`, `price_id`, `created_date`, `last_modified_date`) VALUES (4, '64', 'HOHO', 'BLACK', '2', '1', '2018-08-23', '2018-08-23 10:35:46');
INSERT INTO lb.lock_template (`id`, `font_size`, `font_style`, `font_color`, `lock_category_id`, `price_id`, `created_date`, `last_modified_date`) VALUES (5, '65', 'BLOBLO2', 'BLACK', '2', '2', '2018-08-23', '2018-08-23 10:35:46');
INSERT INTO lb.lock_template (`id`, `font_size`, `font_style`, `font_color`, `lock_category_id`, `price_id`, `created_date`, `last_modified_date`) VALUES (6, '66', 'QWEASD', 'BLACK', '2', '3', '2018-08-23', '2018-08-23 10:35:46');
INSERT INTO lb.lock_template (`id`, `font_size`, `font_style`, `font_color`, `lock_category_id`, `price_id`, `created_date`, `last_modified_date`) VALUES (7, '67', 'ASDASD', 'BLACK', '3', '1', '2018-08-23', '2018-08-23 10:35:46');
INSERT INTO lb.lock_template (`id`, `font_size`, `font_style`, `font_color`, `lock_category_id`, `price_id`, `created_date`, `last_modified_date`) VALUES (8, '68', 'ZCZC', 'BLACK', '3', '2', '2018-08-23', '2018-08-23 10:35:46');
INSERT INTO lb.lock_template (`id`, `font_size`, `font_style`, `font_color`, `lock_category_id`, `price_id`, `created_date`, `last_modified_date`) VALUES (9, '69', 'GHSDF', 'BLACK', '3', '3', '2018-08-23', '2018-08-23 10:35:46');

INSERT INTO lb.template_file(`lock_template_id`, `file_id`) VALUES (1,4);
INSERT INTO lb.template_file(`lock_template_id`, `file_id`) VALUES (2,5);
INSERT INTO lb.template_file(`lock_template_id`, `file_id`) VALUES (3,6);
INSERT INTO lb.template_file(`lock_template_id`, `file_id`) VALUES (4,7);
INSERT INTO lb.template_file(`lock_template_id`, `file_id`) VALUES (5,8);
INSERT INTO lb.template_file(`lock_template_id`, `file_id`) VALUES (6,9);
INSERT INTO lb.template_file(`lock_template_id`, `file_id`) VALUES (7,10);
INSERT INTO lb.template_file(`lock_template_id`, `file_id`) VALUES (8,11);
INSERT INTO lb.template_file(`lock_template_id`, `file_id`) VALUES (9,12);

-- replace this with partially erased locks when available
INSERT INTO lb.template_file(`lock_template_id`, `file_id`) VALUES (1,14);
INSERT INTO lb.template_file(`lock_template_id`, `file_id`) VALUES (2,15);
INSERT INTO lb.template_file(`lock_template_id`, `file_id`) VALUES (3,16);
INSERT INTO lb.template_file(`lock_template_id`, `file_id`) VALUES (4,17);
INSERT INTO lb.template_file(`lock_template_id`, `file_id`) VALUES (5,18);
INSERT INTO lb.template_file(`lock_template_id`, `file_id`) VALUES (6,19);
INSERT INTO lb.template_file(`lock_template_id`, `file_id`) VALUES (7,20);
INSERT INTO lb.template_file(`lock_template_id`, `file_id`) VALUES (8,21);
INSERT INTO lb.template_file(`lock_template_id`, `file_id`) VALUES (9,22);

INSERT INTO lb.user VALUES ('2170256639660343' , 'address', 'city', 'country', '2018-08-23 10:35:46', 'email', 'andrei', '2018-08-23 10:35:46' , 'lazar', '0123456789');

INSERT INTO lb.point VALUES (1, '2018-08-23 10:35:46', '2018-08-23 10:35:46', 112, 112);

INSERT INTO lb.locks VALUES (1, '2018-08-23 10:35:46', '2018-08-23 10:35:46', 'delete token?', 'BLACK', 60, 'NEW STYLE', 0, 'lock color?', 'MASSAGE',0 ,0 ,3 , 3, 3, 1, '2170256639660343');

INSERT INTO lb.configuration VALUES(1, '2018-08-23 10:35:46', '2018-08-23 10:35:46', 30,30,30,8);

-------------- RUN THIS TO SYNC FILE DIRECTORY -----------------

-- REPLACE Z:new\\Bridges\\lock\\binarbox\\images with your environment path and don't forget to escape backslash (\\) --
--
-- UPDATE file
-- SET path_to_file = REPLACE (path_to_file, 'Z:new\\Bridges\\lock\\binarbox\\images', 'YOUR PATH')
